<?xml version="1.0" encoding="UTF-8"?>
<project-private xmlns="http://www.netbeans.org/ns/project-private/1">
    <editor-bookmarks xmlns="http://www.netbeans.org/ns/editor-bookmarks/2" lastBookmarkId="0"/>
    <open-files xmlns="http://www.netbeans.org/ns/projectui-open-files/2">
        <group>
            <file>file:/C:/Users/k/Desktop/UwAmp_3.1.0/www/Forum/tema.php</file>
            <file>file:/C:/Users/k/Desktop/UwAmp_3.1.0/www/Forum/forum_form.php</file>
            <file>file:/C:/Users/k/Desktop/UwAmp_3.1.0/www/Forum/Forum.php</file>
        </group>
    </open-files>
</project-private>
